<botcomponent_botcomponentset>
  <botcomponent_botcomponent botcomponentidone.schemaname="new_topic_1f29d3d1afae479d9a66d9752081af17_21a34f1673a24096a99ba0effb63cc1d" botcomponentidtwo.schemaname="new_topic_1f29d3d1afae479d9a66d9752081af17_aeabea4d071f415c8c107e1cb7af5424_assumedsuccess">
    <iscustomizable>1</iscustomizable>
  </botcomponent_botcomponent>
  <botcomponent_botcomponent botcomponentidone.schemaname="new_topic_1f29d3d1afae479d9a66d9752081af17_33d5123770ba4daeafae51b361ddc80a" botcomponentidtwo.schemaname="new_topic_1f29d3d1afae479d9a66d9752081af17_aeabea4d071f415c8c107e1cb7af5424_assumedsuccess">
    <iscustomizable>1</iscustomizable>
  </botcomponent_botcomponent>
  <botcomponent_botcomponent botcomponentidone.schemaname="new_topic_1f29d3d1afae479d9a66d9752081af17_85df75ce08a44a9b82cc8f3fdb25f669" botcomponentidtwo.schemaname="new_customtype_1f29d3d1afae479d9a66d9752081af17_f86fcadfd497444e91ed11c12b059d10">
    <iscustomizable>1</iscustomizable>
  </botcomponent_botcomponent>
  <botcomponent_botcomponent botcomponentidone.schemaname="new_topic_1f29d3d1afae479d9a66d9752081af17_85df75ce08a44a9b82cc8f3fdb25f669" botcomponentidtwo.schemaname="new_topic_1f29d3d1afae479d9a66d9752081af17_aeabea4d071f415c8c107e1cb7af5424_assumedsuccess">
    <iscustomizable>1</iscustomizable>
  </botcomponent_botcomponent>
  <botcomponent_botcomponent botcomponentidone.schemaname="new_topic_1f29d3d1afae479d9a66d9752081af17_8a4964498f83424bb3a86295bf7d0952_startover" botcomponentidtwo.schemaname="new_topic_1f29d3d1afae479d9a66d9752081af17_ba7b967c97ba4c39bca58a8bb6a72d59_conversationstart">
    <iscustomizable>1</iscustomizable>
  </botcomponent_botcomponent>
  <botcomponent_botcomponent botcomponentidone.schemaname="new_topic_1f29d3d1afae479d9a66d9752081af17_aeabea4d071f415c8c107e1cb7af5424_assumedsuccess" botcomponentidtwo.schemaname="new_topic_1f29d3d1afae479d9a66d9752081af17_d2198a5ee41a48a5bf70ab8970145a9f_confirmedfailure">
    <iscustomizable>1</iscustomizable>
  </botcomponent_botcomponent>
  <botcomponent_botcomponent botcomponentidone.schemaname="new_topic_1f29d3d1afae479d9a66d9752081af17_aeabea4d071f415c8c107e1cb7af5424_assumedsuccess" botcomponentidtwo.schemaname="new_topic_1f29d3d1afae479d9a66d9752081af17_db1f76b081dc43389df9dd2df7518737_confirmedsuccess">
    <iscustomizable>1</iscustomizable>
  </botcomponent_botcomponent>
  <botcomponent_botcomponent botcomponentidone.schemaname="new_topic_1f29d3d1afae479d9a66d9752081af17_d2198a5ee41a48a5bf70ab8970145a9f_confirmedfailure" botcomponentidtwo.schemaname="new_topic_1f29d3d1afae479d9a66d9752081af17_954135cafcd647eaae5999ad91fc08cf_talktoagent">
    <iscustomizable>1</iscustomizable>
  </botcomponent_botcomponent>
  <botcomponent_botcomponent botcomponentidone.schemaname="new_topic_1f29d3d1afae479d9a66d9752081af17_db1f76b081dc43389df9dd2df7518737_confirmedsuccess" botcomponentidtwo.schemaname="new_customtype_1f29d3d1afae479d9a66d9752081af17_92610204747047ac8f788f7eecd91118">
    <iscustomizable>1</iscustomizable>
  </botcomponent_botcomponent>
  <botcomponent_botcomponent botcomponentidone.schemaname="new_topic_1f29d3d1afae479d9a66d9752081af17_db1f76b081dc43389df9dd2df7518737_confirmedsuccess" botcomponentidtwo.schemaname="new_topic_1f29d3d1afae479d9a66d9752081af17_f56d1a3e522740c78f9fac0939332dbd_goodbye">
    <iscustomizable>1</iscustomizable>
  </botcomponent_botcomponent>
  <botcomponent_botcomponent botcomponentidone.schemaname="new_topic_1f29d3d1afae479d9a66d9752081af17_dbafebd526364487911b63a2a774389f" botcomponentidtwo.schemaname="new_topic_1f29d3d1afae479d9a66d9752081af17_aeabea4d071f415c8c107e1cb7af5424_assumedsuccess">
    <iscustomizable>1</iscustomizable>
  </botcomponent_botcomponent>
  <botcomponent_botcomponent botcomponentidone.schemaname="new_topic_a882aee8510e4058adf54e61323281d0" botcomponentidtwo.schemaname="new_bot_1f29d3d1afae479d9a66d9752081af17.Meals.dialog">
    <iscustomizable>1</iscustomizable>
  </botcomponent_botcomponent>
  <botcomponent_botcomponent botcomponentidone.schemaname="new_topic_a882aee8510e4058adf54e61323281d0" botcomponentidtwo.schemaname="new_variable_1f29d3d1afae479d9a66d9752081af17_9984dd3cdaef495fb56447c982dd4bae">
    <iscustomizable>1</iscustomizable>
  </botcomponent_botcomponent>
</botcomponent_botcomponentset>